Name,LastName,YearsInOffice,Party,State,TermEnds,District,Branch,Role,ChairmanOfCommittee,ChairmanOfSubcommittee1,ChairmanOfSubcommittee2,ChairmanOfSubcommittee3,ChairmanOfOtherCommittee1,ChairmanOfOtherCommittee2
Adam Kinzinger,Kinzinger,6,Republican,Illinois,,District 16,House,,,,,,,
Adam Schiff,Schiff,16,Democratic,California,,District 28,House,,,,,,,
Adam Smith,Smith,20,Democratic,Washington,,District 9,House,,,,,,,
Adrian Smith,Smith,10,Republican,Nebraska,,District 3,House,,,Human Resources,,,,
Adriano Espaillat,Espaillat,0,Democratic,New York,,District 13,House,,,,,,,
Al Green,Green,12,Democratic,Texas,,District 9,House,,,,,,,
Alan Lowenthal,Lowenthal,4,Democratic,California,,District 47,House,,,,,,,
Albio Sires,Sires,4,Democratic,New Jersey,,District 8,House,,,,,,,
Alcee L. Hastings,Hastings,24,Democratic,Florida,,District 20,House,,,,,,,
Alexander Mooney,Mooney,2,Republican,West Virginia,,District 2,House,,,,,,,
Alfred Lawson,Lawson,0,Democratic,Florida,,District 5,House,,,,,,,
Alma Adams,Adams,3,Democratic,North Carolina,,District 12,House,,,,,,,
Amata Coleman Radewagen,Radewagen,3,Republican,American Samoa,,,House,,,Health and Technology,,,,
Ami Bera,Bera,4,Democratic,California,,District 7,House,,,,,,,
Andre Carson,Carson,9,Democratic,Indiana,,District 7,House,,,,,,,
Andy Barr,Barr,4,Republican,Kentucky,,District 6,House,,,Monetary Policy and Trade,,,,
Andy Biggs,Biggs,0,Republican,Arizona,,District 5,House,,,,,,,
Andy Harris,Harris,6,Republican,Maryland,,District 1,House,,,,,,,
Ann Wagner,Wagner,4,Republican,Missouri,,District 2,House,,,Oversight and Investigations,,,,
Anna Eshoo,Eshoo,24,Democratic,California,,District 18,House,,,,,,,
Annie Kuster,Kuster,4,Democratic,New Hampshire,,District 2,House,,,,,,,
Anthony G. Brown,Brown,0,Democratic,Maryland,,District 4,House,,,,,,,
Austin Scott,Scott,6,Republican,Georgia,,District 8,House,,,"Commodity Exchanges, Energy, and Credit",,,,
Barbara Comstock,Comstock,2,Republican,Virginia,,District 10,House,,,Research and Technology,,,,
Barbara Lee,Lee,18,Democratic,California,,District 13,House,,,,,,,
Barry Loudermilk,Loudermilk,2,Republican,Georgia,,District 11,House,,,Oversight,,,,
Ben Ray Lujan,Lujan,8,Democratic,New Mexico,,District 3,House,,,,,,,
Bennie Thompson,Thompson,24,Democratic,Mississippi,,District 2,House,,,,,,,
Beto O'Rourke,O'Rourke,4,Democratic,Texas,,District 16,House,,,,,,,
Betty McCollum,McCollum,8,Democratic,Minnesota,,District 4,House,,,,,,,
Bill Flores,Flores,6,Republican,Texas,,District 17,House,,,,,,,
Bill Foster,Foster,4,Democratic,Illinois,,District 11,House,,,,,,,
Bill Huizenga,Huizenga,6,Republican,Michigan,,District 2,House,,,"Capital Markets, Securities and Investment",,,,
Bill Johnson,Johnson,6,Republican,Ohio,,District 6,House,,,,,,,
Bill Keating,Keating,6,Democratic,Massachusetts,,District 9,House,,,,,,,
Bill Pascrell,Pascrell,4,Democratic,New Jersey,,District 9,House,,,,,,,
Bill Posey,Posey,8,Republican,Florida,,District 8,House,,,,,,,
Bill Shuster,Shuster,16,Republican,Pennsylvania,,District 9,House,,Transportation and Infrastructure,,,,,
Billy Long,Long,6,Republican,Missouri,,District 7,House,,,,,,,
Blaine Luetkemeyer,Luetkemeyer,8,Republican,Missouri,,District 3,House,,,Financial Institutions and Consumer Credit,,,,
Blake Farenthold,Farenthold,6,Republican,Texas,,District 27,House,,,"Interior, Energy, and Environment",,,,
Bob Gibbs,Gibbs,6,Republican,Ohio,,District 7,House,,,Water Resources and Environment,,,,
Bob Goodlatte,Goodlatte,24,Republican,Virginia,,District 6,House,,Judiciary,,,,,
Bobby L. Rush,Rush,24,Democratic,Illinois,,District 1,House,,,,,,,
Bobby Scott,Scott,24,Democratic,Virginia,,District 3,House,,,,,,,
Bonnie Watson Coleman,Watson Coleman,2,Democratic,New Jersey,,District 12,House,,,,,,,
Brad Schneider,Schneider,0,Democratic,Illinois,,District 10,House,,,,,,,
Brad Sherman,Sherman,20,Democratic,California,,District 30,House,,,,,,,
Brad Wenstrup,Wenstrup,4,Republican,Ohio,,District 2,House,,,Economic Opportunity,Health,,,
Bradley Byrne,Byrne,3,Republican,Alabama,,District 1,House,,,Workforce Protections,,,,
Brenda Lawrence,Lawrence,2,Democratic,Michigan,,District 14,House,,,,,,,
Brendan Boyle,Boyle,2,Democratic,Pennsylvania,,District 13,House,,,,,,,
Brett Guthrie,Guthrie,8,Republican,Kentucky,,District 2,House,,,Higher Education and Workforce Training,,,,
Brian Babin,Babin,2,Republican,Texas,,District 36,House,,,Space,,,,
Brian Fitzpatrick,Fitzpatrick,0,Republican,Pennsylvania,,District 8,House,,,,,,,
Brian Higgins,Higgins,12,Democratic,New York,,District 26,House,,,,,,,
Brian Mast,Mast,0,Republican,Florida,,District 18,House,,,,,,,
Bruce Poliquin,Poliquin,2,Republican,Maine,,District 2,House,,,,,,,
Bruce Westerman,Westerman,2,Republican,Arkansas,,District 4,House,,,Oversight and Investigations,,,,
Carlos Curbelo,Curbelo,2,Republican,Florida,,District 26,House,,,"Agriculture, Energy and Trade",,,,
Carol Shea-Porter,Shea-Porter,0,Democratic,New Hampshire,,District 1,House,,,,,,,
Carolyn B. Maloney,Maloney,24,Democratic,New York,,District 12,House,,,,,,,
Cathy McMorris Rodgers,McMorris Rodgers,12,Republican,Washington,,District 5,House,Republican Conference Chairman ,,,,,,
Cedric Richmond,Richmond,6,Democratic,Louisiana,,District 2,House,,,,,,,
Charles J. Fleischmann,Fleischmann,6,Republican,Tennessee,,District 3,House,,,,,,,
Charles W. Dent,Dent,12,Republican,Pennsylvania,,District 15,House,,,"Military Construction, Veterans Affairs, and Related Agencies",,,,
Charlie Crist,Crist,0,Democratic,Florida,,District 13,House,,,,,,,
Chellie Pingree,Pingree,8,Democratic,Maine,,District 1,House,,,,,,,
Cheri Bustos,Bustos,4,Democratic,Illinois,,District 17,House,,,,,,,
Chris Collins,Collins,4,Republican,New York,,District 27,House,,,,,,,
Chris Smith,Smith,36,Republican,New Jersey,,District 4,House,,,"Africa, Global Health, Global Human Rights and International Organizations",,,,
Chris Stewart,Stewart,4,Republican,Utah,,District 2,House,,,,,,,
Claudia Tenney,Tenney,0,Republican,New York,,District 22,House,,,,,,,
Clay Higgins,Higgins,0,Republican,Louisiana,,District 3,House,,,,,,,
Colleen Hanabusa,Hanabusa,1,Democratic,Hawaii,,District 1,House,,,,,,,
Collin Peterson,Peterson,26,Democratic,Minnesota,,District 7,House,,,,,,,
Dan Kildee,Kildee,4,Democratic,Michigan,,District 5,House,,,,,,,
Dan Newhouse,Newhouse,2,Republican,Washington,,District 4,House,,,,,,,
Dana Rohrabacher,Rohrabacher,28,Republican,California,,District 48,House,,,"Europe, Eurasia and Emerging Threats",,,,
Daniel Donovan,Donovan,2,Republican,New York,,District 11,House,,,"Emergency Preparedness, Response, and Communications",,,,
Daniel Lipinski,Lipinski,12,Democratic,Illinois,,District 3,House,,,,,,,
Daniel Webster,Webster,6,Republican,Florida,,District 11,House,,,,,,,
Danny K. Davis,Davis,20,Democratic,Illinois,,District 7,House,,,,,,,
Darin LaHood,LaHood,2,Republican,Illinois,,District 18,House,,,,,,,
Darrell Issa,Issa,16,Republican,California,,District 49,House,,,"Courts, Intellectual Property and the Internet",,,,
Darren Soto,Soto,0,Democratic,Florida,,District 9,House,,,,,,,
Dave Loebsack,Loebsack,10,Democratic,Iowa,,District 2,House,,,,,,,
Dave Reichert,Reichert,12,Republican,Washington,,District 8,House,,,Trade,,,,
David Brat,Brat,3,Republican,Virginia,,District 7,House,,,"Economic Growth, Tax and Capital Access",,,,
David G. Valadao,Valadao,4,Republican,California,,District 21,House,,,,,,,
David Joyce,Joyce,4,Republican,Ohio,,District 14,House,,,,,,,
David Kustoff,Kustoff,0,Republican,Tennessee,,District 8,House,,,,,,,
David McKinley,McKinley,6,Republican,West Virginia,,District 1,House,,,,,,,
David N. Cicilline,Cicilline,6,Democratic,Rhode Island,,District 1,House,,,,,,,
David Price,Price,20,Democratic,North Carolina,,District 4,House,,,,,,,
David Rouzer,Rouzer,2,Republican,North Carolina,,District 7,House,,,Livestock and Foreign Agriculture,,,,
David Schweikert,Schweikert,6,Republican,Arizona,,District 6,House,,,,,,,
David Scott,Scott,14,Democratic,Georgia,,District 13,House,,,,,,,
David Trott,Trott,2,Republican,Michigan,,District 11,House,,,,,,,
David Young,Young,2,Republican,Iowa,,District 3,House,,,,,,,
Debbie Dingell,Dingell,2,Democratic,Michigan,,District 12,House,,,,,,,
Debbie Wasserman Schultz,Wasserman Schultz,12,Democratic,Florida,,District 23,House,,,,,,,
Dennis A. Ross,Ross,6,Republican,Florida,,District 15,House,,,,,,,
Denny Heck,Heck,4,Democratic,Washington,,District 10,House,,,,,,,
Derek Kilmer,Kilmer,4,Democratic,Washington,,District 6,House,,,,,,,
Devin Nunes,Nunes,14,Republican,California,,District 22,House,,,,,,Intelligence,
Diana DeGette,DeGette,20,Democratic,Colorado,,District 1,House,,,,,,,
Diane Black,Black,6,Republican,Tennessee,,District 6,House,,,,,,,
Dina Titus,Titus,4,Democratic,Nevada,,District 1,House,,,,,,,
Don Bacon,Bacon,0,Republican,Nebraska,,District 2,House,,,,,,,
Don Beyer,Beyer,2,Democratic,Virginia,,District 8,House,,,,,,,
Don Young,Young,44,Republican,Alaska,,At-Large District,House,,,,,,,
Donald McEachin,McEachin,0,Democratic,Virginia,,District 4,House,,,,,,,
Donald Norcross,Norcross,3,Democratic,New Jersey,,District 1,House,,,,,,,
Donald Payne Jr.,Payne Jr.,4,Democratic,New Jersey,,District 10,House,,,,,,,
Doris Matsui,Matsui,12,Democratic,California,,District 6,House,,,,,,,
Doug Collins,Collins,4,Republican,Georgia,,District 9,House,,,Rules and the Organization of the House,,,,
Doug LaMalfa,LaMalfa,4,Republican,California,,District 1,House,,,"Indian, Insular and Alaska Native Affairs",,,,
Doug Lamborn,Lamborn,10,Republican,Colorado,,District 5,House,,,"Water, Power and Oceans",,,,
Drew Ferguson,Ferguson,0,Republican,Georgia,,District 3,House,,,,,,,
Duncan Hunter,Hunter,8,Republican,California,,District 50,House,,,Coast Guard and Maritime Transportation,,,,
Dutch Ruppersberger,Ruppersberger,14,Democratic,Maryland,,District 2,House,,,,,,,
Dwight Evans,Evans,1,Democratic,Pennsylvania,,District 2,House,,,,,,,
"Earl ""Buddy"" Carter",Carter,2,Republican,Georgia,,District 1,House,,,,,,,
Earl Blumenauer,Blumenauer,20,Democratic,Oregon,,District 3,House,,,,,,,
Ed Perlmutter,Perlmutter,10,Democratic,Colorado,,District 7,House,,,,,,,
Eddie Bernice Johnson,Johnson,24,Democratic,Texas,,District 30,House,,,,,,,
Edward Royce,Royce,24,Republican,California,,District 39,House,,Foreign Affairs,,,,,
Elijah Cummings,Cummings,21,Democratic,Maryland,,District 7,House,,,,,,,
Eliot Engel,Engel,28,Democratic,New York,,District 16,House,,,,,,,
Elise Stefanik,Stefanik,2,Republican,New York,,District 21,House,,,Emerging Threats and Capabilities,,,,
Elizabeth Esty,Esty,4,Democratic,Connecticut,,District 5,House,,,,,,,
Emanuel Cleaver,Cleaver,13,Democratic,Missouri,,District 5,House,,,,,,,
Eric Swalwell,Swalwell,4,Democratic,California,,District 15,House,,,,,,,
Erik Paulsen,Paulsen,8,Republican,Minnesota,,District 3,House,,,,,,,
Evan Jenkins,Jenkins,2,Republican,West Virginia,,District 3,House,,,,,,,
Filemon Vela,Vela,4,Democratic,Texas,,District 34,House,,,,,,,
Francis Rooney,Rooney,0,Republican,Florida,,District 19,House,,,,,,,
Frank D. Lucas,Lucas,24,Republican,Oklahoma,,District 3,House,,,Conservation and Forestry,,,,
Frank LoBiondo,LoBiondo,22,Republican,New Jersey,,District 2,House,,,Aviation,,,CIA,
Frank Pallone,Pallone,24,Democratic,New Jersey,,District 6,House,,,,,,,
Fred Upton,Upton,30,Republican,Michigan,,District 6,House,,,Energy,,,,
Frederica S. Wilson,Wilson,6,Democratic,Florida,,District 24,House,,,,,,,
French Hill,Hill,2,Republican,Arkansas,,District 2,House,,,,,,,
G.K. Butterfield,Butterfield,13,Democratic,North Carolina,,District 1,House,,,,,,,
Garret Graves,Graves,2,Republican,Louisiana,,District 6,House,,,,,,,
Gary Palmer,Palmer,2,Republican,Alabama,,District 6,House,,,Intergovernmental Affairs,,,,
Gene Green,Green,24,Democratic,Texas,,District 29,House,,,,,,,
George E.B. Holding,Holding,4,Republican,North Carolina,,District 2,House,,,,,,,
Gerry Connolly,Connolly,8,Democratic,Virginia,,District 11,House,,,,,,,
Glenn Grothman,Grothman,2,Republican,Wisconsin,,District 6,House,,,,,,,
Glenn Thompson,Thompson,8,Republican,Pennsylvania,,District 5,House,,,Nutrition,,,,
Grace Meng,Meng,4,Democratic,New York,,District 6,House,,,,,,,
Grace Napolitano,Napolitano,18,Democratic,California,,District 32,House,,,,,,,
Greg Gianforte,Gianforte,0,Republican,Montana,,At-Large District,House,,,,,,,
Greg Walden,Walden,18,Republican,Oregon,,District 2,House,,Energy and Commerce,,,,,
Gregg Harper,Harper,8,Republican,Mississippi,,District 3,House,,House Administration,Oversight and Investigations,,,,
Gregory W. Meeks,Meeks,4,Democratic,New York,,District 5,House,,,,,,,
Gus M. Bilirakis,Bilirakis,10,Republican,Florida,,District 12,House,,,,,,,
Gwen Moore,Moore,12,Democratic,Wisconsin,,District 4,House,,,,,,,
Hakeem Jeffries,Jeffries,4,Democratic,New York,,District 8,House,,,,,,,
Hal Rogers,Rogers,36,Republican,Kentucky,,District 5,House,,,"State, Foreign Operations, and Related Programs",,,,
Hank Johnson,Johnson,10,Democratic,Georgia,,District 4,House,,,,,,,
Henry Cuellar,Cuellar,12,Democratic,Texas,,District 28,House,,,,,,,
Ileana Ros-Lehtinen,Ros-Lehtinen,28,Republican,Florida,,District 27,House,,,Middle East and North Africa,,,,
Jack Bergman,Bergman,0,Republican,Michigan,,District 1,House,,,,,,,
Jackie Speier,Speier,9,Democratic,California,,District 14,House,,,,,,,
Jackie Walorski,Walorski,4,Republican,Indiana,,District 2,House,,,,,,,
Jacky Rosen,Rosen,0,Democratic,Nevada,,District 3,House,,,,,,,
Jaime Herrera Beutler,Herrera Beutler,6,Republican,Washington,,District 3,House,,,,,,,
James B. Renacci,Renacci,6,Republican,Ohio,,District 16,House,,,,,,,
James Comer Jr.,Comer,1,Republican,Kentucky,,District 1,House,,,,,,,
James E. Clyburn,Clyburn,24,Democratic,South Carolina,,District 6,House,Assistant Democratic Leader ,,,,,,
Jamie Raskin,Raskin,0,Democratic,Maryland,,District 8,House,,,,,,,
Jan Schakowsky,Schakowsky,18,Democratic,Illinois,,District 9,House,,,,,,,
Jared Huffman,Huffman,4,Democratic,California,,District 2,House,,,,,,,
Jared Polis,Polis,8,Democratic,Colorado,,District 2,House,,,,,,,
Jason Lewis,Lewis,0,Republican,Minnesota,,District 2,House,,,,,,,
Jason Smith,Smith,4,Republican,Missouri,,District 8,House,,,,,,,
Jeb Hensarling,Hensarling,14,Republican,Texas,,District 5,House,,Financial Services,,,,,
Jeff Denham,Denham,6,Republican,California,,District 10,House,,,"Railroads, Pipelines, and Hazardous Materials",,,,
Jeff Duncan,Duncan,6,Republican,South Carolina,,District 3,House,,,,,,,
Jeffrey Fortenberry,Fortenberry,12,Republican,Nebraska,,District 1,House,,,,,,,
Jerrold Nadler,Nadler,24,Democratic,New York,,District 10,House,,,,,,,
Jerry McNerney,McNerney,10,Democratic,California,,District 9,House,,,,,,,
Jim Banks,Banks,0,Republican,Indiana,,District 3,House,,,,,,,
Jim Bridenstine,Bridenstine,4,Republican,Oklahoma,,District 1,House,,,Environment,,,,
Jim Cooper,Cooper,14,Democratic,Tennessee,,District 5,House,,,,,,,
Jim Costa,Costa,12,Democratic,California,,District 16,House,,,,,,,
Jim Himes,Himes,8,Democratic,Connecticut,,District 4,House,,,,,,,
Jim Jordan,Jordan,10,Republican,Ohio,,District 4,House,,,"Health Care, Benefits, and Administrative Rules",,,,
Jim Langevin,Langevin,16,Democratic,Rhode Island,,District 2,House,,,,,,,
Jim McGovern,McGovern,28,Democratic,Massachusetts,,District 2,House,,,,,,,
Jim Sensenbrenner,Sensenbrenner,38,Republican,Wisconsin,,District 5,House,,,"Crime, Terrorism, Homeland Security and Investigations",,,,
Jimmy Gomez,Gomez,0,Democratic,California,,District 34,House,,,,,,,
Jimmy Panetta,Panetta,0,Democratic,California,,District 20,House,,,,,,,
Joaquin Castro,Castro,4,Democratic,Texas,,District 20,House,,,,,,,
Jodey Arrington,Arrington,0,Republican,Texas,,District 19,House,,,,,,,
Jody Hice,Hice,2,Republican,Georgia,,District 10,House,,,,,,,
Joe Barton,Barton,32,Republican,Texas,,District 6,House,,,,,,,
Joe Courtney,Courtney,10,Democratic,Connecticut,,District 2,House,,,,,,,
Joe Wilson,Wilson,16,Republican,South Carolina,,District 2,House,,,Readiness,,,,
John A. Yarmuth,Yarmuth,10,Democratic,Kentucky,,District 3,House,,,,,,,
John Carter,Carter,14,Republican,Texas,,District 31,House,,,Homeland Security,,,,
John Conyers Jr.,Conyers Jr.,52,Democratic,Michigan,,District 13,House,,,,,,,
John Culberson,Culberson,16,Republican,Texas,,District 7,House,,,"Commerce, Justice, Science, and Related Agencies",,,,
John Delaney,Delaney,4,Democratic,Maryland,,District 6,House,,,,,,,
John Faso,Faso,0,Republican,New York,,District 19,House,,,,,,,
John Garamendi,Garamendi,8,Democratic,California,,District 3,House,,,,,,,
John J. Duncan Jr.,Duncan,28,Republican,Tennessee,,District 2,House,,,,,,,
John Katko,Katko,2,Republican,New York,,District 24,House,,,Transportation and Protective Security,,,,
John Larson,Larson,18,Democratic,Connecticut,,District 1,House,,,,,,,
John Lewis,Lewis,30,Democratic,Georgia,,District 5,House,,,,,,,
John Moolenaar,Moolenaar,2,Republican,Michigan,,District 4,House,,,,,,,
John Ratcliffe,Ratcliffe,2,Republican,Texas,,District 4,House,,,Cybersecurity and Infrastructure Protection,,,,
John Rutherford,Rutherford,0,Republican,Florida,,District 4,House,,,,,,,
John Sarbanes,Sarbanes,10,Democratic,Maryland,,District 3,House,,,,,,,
John Shimkus,Shimkus,20,Republican,Illinois,,District 15,House,,,Environment,,,,
Jose E. Serrano,Serrano,26,Democratic,New York,,District 15,House,,,,,,,
Joseph Crowley,Crowley,18,Democratic,New York,,District 14,House,Democratic Caucus Chairman ,,,,,,
Joseph Kennedy III,Kennedy,4,Democratic,Massachusetts,,District 4,House,,,,,,,
Josh Gottheimer,Gottheimer,0,Democratic,New Jersey,,District 5,House,,,,,,,
Joyce Beatty,Beatty,4,Democratic,Ohio,,District 3,House,,,,,,,
Juan Vargas,Vargas,4,Democratic,California,,District 51,House,,,,,,,
Judy Chu,Chu,8,Democratic,California,,District 27,House,,,,,,,
Julia Brownley,Brownley,4,Democratic,California,,District 26,House,,,,,,,
Justin Amash,Amash,6,Republican,Michigan,,District 3,House,,,,,,,
Karen Bass,Bass,6,Democratic,California,,District 37,House,,,,,,,
Karen Handel,Handel,0,Republican,Georgia,,District 6,House,,,,,,,
Katherine Clark,Clark,4,Democratic,Massachusetts,,District 5,House,,,,,,,
Kathleen M. Rice,Rice,2,Democratic,New York,,District 4,House,,,,,,,
Kathy Castor,Castor,10,Democratic,Florida,,District 14,House,,,,,,,
Kay Granger,Granger,20,Republican,Texas,,District 12,House,,,Defense,,,,
Keith Ellison,Ellison,10,Democratic,Minnesota,,District 5,House,,,,,,,
Keith Rothfus,Rothfus,4,Republican,Pennsylvania,,District 12,House,,,,,,,
Ken Buck,Buck,2,Republican,Colorado,,District 4,House,,,,,,,
Ken Calvert,Calvert,24,Republican,California,,District 42,House,,,"Interior, Environment, and Related Agencies",,,,
Kenny Marchant,Marchant,12,Republican,Texas,,District 24,House,,,,,,,
Kevin Brady,Brady,20,Republican,Texas,,District 8,House,,Ways and Means,,,,,
Kevin Cramer,Cramer,4,Republican,North Dakota,,At-Large District,House,,,,,,,
Kevin McCarthy,McCarthy,10,Republican,California,,District 23,House,Majority Leader ,,,,,,
Kevin Yoder,Yoder,6,Republican,Kansas,,District 3,House,,,Legislative Branch,,,,
Kristi L. Noem,Noem,6,Republican,South Dakota,,At-Large District,House,,,,,,,
Kurt Schrader,Schrader,8,Democratic,Oregon,,District 5,House,,,,,,,
Kyrsten Sinema,Sinema,4,Democratic,Arizona,,District 9,House,,,,,,,
Lamar Smith,Smith,30,Republican,Texas,,District 21,House,,"Science, Space and Technology",,,,,
Larry Bucshon,Bucshon,6,Republican,Indiana,,District 8,House,,,,,,,
Lee Zeldin,Zeldin,2,Republican,New York,,District 1,House,,,,,,,
Leonard Lance,Lance,8,Republican,New Jersey,,District 7,House,,,,,,,
Linda Sanchez,Sanchez,14,Democratic,California,,District 38,House,,,,,,,
Lisa Blunt Rochester,Blunt Rochester,0,Democratic,Delaware,,At-Large District,House,,,,,,,
Liz Cheney,Cheney,0,Republican,Wyoming,,At-Large District,House,,,,,,,
Lloyd Doggett,Doggett,22,Democratic,Texas,,District 35,House,,,,,,,
Lloyd Smucker,Smucker,0,Republican,Pennsylvania,,District 16,House,,,,,,,
Lois Frankel,Frankel,4,Democratic,Florida,,District 21,House,,,,,,,
Lou Barletta,Barletta,6,Republican,Pennsylvania,,District 11,House,,,"Economic Development, Public Buildings and Emergency Management",,,,
Lou Correa,Correa,0,Democratic,California,,District 46,House,,,,,,,
"Louis B. ""Louie"" Gohmert Jr.",Gohmert,12,Republican,Texas,,District 1,House,,,,,,,
Louise Slaughter,Slaughter,30,Democratic,New York,,District 25,House,,,,,,,
Lucille Roybal-Allard,Roybal-Allard,24,Democratic,California,,District 40,House,,,,,,,
Luis V. Gutierrez,Gutierrez,24,Democratic,Illinois,,District 4,House,,,,,,,
Luke Messer,Messer,4,Republican,Indiana,,District 6,House,Republican Policy Committee Chairman ,,,,,,
Lynn Jenkins,Jenkins,8,Republican,Kansas,,District 2,House,,,,,,,
Mac Thornberry,Thornberry,22,Republican,Texas,,District 13,House,,Armed Services,,,,,
Marc Veasey,Veasey,4,Democratic,Texas,,District 33,House,,,,,,,
Marcia L. Fudge,Fudge,8,Democratic,Ohio,,District 11,House,,,,,,,
Marcy Kaptur,Kaptur,34,Democratic,Ohio,,District 9,House,,,,,,,
Mario Diaz-Balart,Diaz-Balart,6,Republican,Florida,,District 25,House,,,"Transportation, Housing and Urban Development, and Related Agencies",,,,
Mark Amodei,Amodei,6,Republican,Nevada,,District 2,House,,,,,,,
Mark DeSaulnier,DeSaulnier,2,Democratic,California,,District 11,House,,,,,,,
Mark Meadows,Meadows,4,Republican,North Carolina,,District 11,House,,,Government Operations,,,,
Mark Pocan,Pocan,4,Democratic,Wisconsin,,District 2,House,,,,,,,
Mark Sanford,Sanford,4,Republican,South Carolina,,District 1,House,,,,,,,
Mark Takano,Takano,4,Democratic,California,,District 41,House,,,,,,,
Mark Walker,Walker,2,Republican,North Carolina,,District 6,House,,,,,,,
Markwayne Mullin,Mullin,4,Republican,Oklahoma,,District 2,House,,,,,,,
Marsha Blackburn,Blackburn,14,Republican,Tennessee,,District 7,House,,,Communications and Technology,,,,
Martha McSally,McSally,2,Republican,Arizona,,District 2,House,,,Border and Maritime Security,,,,
Martha Roby,Roby,6,Republican,Alabama,,District 2,House,,,,,,,
Matt Cartwright,Cartwright,4,Democratic,Pennsylvania,,District 17,House,,,,,,,
Matt Gaetz,Gaetz,0,Republican,Florida,,District 1,House,,,,,,,
Maxine Waters,Waters,26,Democratic,California,,District 43,House,,,,,,,
Mia Love,Love,2,Republican,Utah,,District 4,House,,,,,,,
Michael C. Burgess,Burgess,14,Republican,Texas,,District 26,House,,,Health,,,,
Michael Capuano,Capuano,18,Democratic,Massachusetts,,District 7,House,,,,,,,
Michael F. Doyle,Doyle,22,Democratic,Pennsylvania,,District 14,House,,,,,,,
Michael K. Simpson,Simpson,18,Republican,Idaho,,District 2,House,,,"Energy and Water Development, and Related Agencies",,,,
Michael McCaul,McCaul,12,Republican,Texas,,District 10,House,,Homeland Security,,,,,
Michael R. Turner,Turner,14,Republican,Ohio,,District 10,House,,,Tactical Air and Land Forces,,,,
Michelle Lujan Grisham,Lujan Grisham,4,Democratic,New Mexico,,District 1,House,,,,,,,
Mike Bishop,Bishop,2,Republican,Michigan,,District 8,House,,,,,,,
Mike Bost,Bost,2,Republican,Illinois,,District 12,House,,,,,,,
Mike Coffman,Coffman,8,Republican,Colorado,,District 6,House,,,Military Personnel,Oversight and Investigations,,,
Mike Conaway,Conaway,12,Republican,Texas,,District 11,House,,Agriculture,,,,,
Mike Gallagher,Gallagher,0,Republican,Wisconsin,,District 8,House,,,,,,,
Mike Johnson,Johnson,0,Republican,Louisiana,,District 4,House,,,,,,,
Mike Kelly,Kelly,6,Republican,Pennsylvania,,District 3,House,,,,,,,
Mike Quigley,Quigley,8,Democratic,Illinois,,District 5,House,,,,,,,
Mike Rogers,Rogers,14,Republican,Alabama,,District 3,House,,,Strategic Forces,,,,
Mike Thompson,Thompson,18,Democratic,California,,District 5,House,,,,,,,
Mimi Walters,Walters,2,Republican,California,,District 45,House,,,,,,,
Mo Brooks,Brooks,6,Republican,Alabama,,District 5,House,,,,,,,
Morgan Griffith,Griffith,6,Republican,Virginia,,District 9,House,,,,,,,
Nancy Pelosi,Pelosi,30,Democratic,California,,District 12,House,Democratic Leader ,,,,,,
Nanette Barragan,Barragan,0,Democratic,California,,District 44,House,,,,,,,
Neal Dunn,Dunn,0,Republican,Florida,,District 2,House,,,,,,,
Niki Tsongas,Tsongas,10,Democratic,Massachusetts,,District 3,House,,,,,,,
Nita Lowey,Lowey,28,Democratic,New York,,District 17,House,,,,,,,
Norma Torres,Torres,2,Democratic,California,,District 35,House,,,,,,,
Nydia Velazquez,Velazquez,24,Democratic,New York,,District 7,House,,,,,,,
Patrick J. Tiberi,Tiberi,17,Republican,Ohio,,District 12,House,,,Health,,,,
Patrick Meehan,Meehan,6,Republican,Pennsylvania,,District 7,House,,,,,,,
Patrick T. McHenry,McHenry,12,Republican,North Carolina,,District 10,House,,,,,,,
Paul Cook,Cook,4,Republican,California,,District 8,House,,,Western Hemisphere,,,,
Paul Gosar,Gosar,6,Republican,Arizona,,District 4,House,,,Energy and Mineral Resources,,,,
Paul Mitchell,Mitchell,0,Republican,Michigan,,District 10,House,,,,,,,
Paul Ryan,Ryan,18,Republican,Wisconsin,,District 1,House,Speaker of the House ,,,,,,
Paul Tonko,Tonko,8,Democratic,New York,,District 20,House,,,,,,,
Pete Aguilar,Aguilar,2,Democratic,California,,District 31,House,,,,,,,
Pete Olson,Olson,8,Republican,Texas,,District 22,House,,,,,,,
Pete Sessions,Sessions,14,Republican,Texas,,District 32,House,,Rules,,,,,
Peter DeFazio,DeFazio,30,Democratic,Oregon,,District 4,House,,,,,,,
Peter J. Roskam,Roskam,10,Republican,Illinois,,District 6,House,,,Oversight,Tax Policy,,,
Peter J. Visclosky,Visclosky,32,Democratic,Indiana,,District 1,House,,,,,,,
Peter T. King,King,24,Republican,New York,,District 2,House,,,Counterterrorism and Intelligence,,,Emerging Threats,
Peter Welch,Welch,10,Democratic,Vermont,,At-Large District,House,,,,,,,
Phil Roe,Roe,8,Republican,Tennessee,,District 1,House,,Veterans' Affairs,,,,,
Pramila Jayapal,Jayapal,0,Democratic,Washington,,District 7,House,,,,,,,
Raja Krishnamoorthi,Krishnamoorthi,0,Democratic,Illinois,,District 8,House,,,,,,,
Ralph Abraham,Abraham,2,Republican,Louisiana,,District 5,House,,,Disability Assistance and Memorial Affairs,,,,
Ralph W. Norman,Norman,0,Republican,South Carolina,,District 5,House,,,,,,,
Randy Hultgren,Hultgren,6,Republican,Illinois,,District 14,House,,,,,,,
Randy Weber,Weber,4,Republican,Texas,,District 14,House,,,Energy,,,,
Raul Grijalva,Grijalva,14,Democratic,Arizona,,District 3,House,,,,,,,
Raul R. Labrador,Labrador,6,Republican,Idaho,,District 1,House,,,Immigration Policy and Border Security,,,,
Raul Ruiz,Ruiz,4,Democratic,California,,District 36,House,,,,,,,
Richard Hudson,Hudson,4,Republican,North Carolina,,District 8,House,,,,,,,
Richard Neal,Neal,28,Democratic,Massachusetts,,District 1,House,,,,,,,
Rick Allen,Allen,2,Republican,Georgia,,District 12,House,,,,,,,
Rick Crawford,Crawford,6,Republican,Arkansas,,District 1,House,,,General Farm Commodities and Risk Management,,,,
Rick Larsen,Larsen,16,Democratic,Washington,,District 2,House,,,,,,,
Rick Nolan,Nolan,4,Democratic,Minnesota,,District 8,House,,,,,,,
Ro Khanna,Khanna,0,Democratic,California,,District 17,House,,,,,,,
Rob Bishop,Bishop,14,Republican,Utah,,District 1,House,,Natural Resources,,,,,
Rob Wittman,Wittman,10,Republican,Virginia,,District 1,House,,,Seapower and Projection Forces,,,,
Rob Woodall,Woodall,6,Republican,Georgia,,District 7,House,,,Legislative and Budget Process,,,,
Robert Aderholt,Aderholt,20,Republican,Alabama,,District 4,House,,,"Agriculture, Rural Development, Food and Drug Administration, and Related Agencies",,,,
Robert Brady,Brady,19,Democratic,Pennsylvania,,District 1,House,,,,,,,
Robert E. Latta,Latta,10,Republican,Ohio,,District 5,House,,,Digital Commerce and Consumer Protection,,,,
Robert Pittenger,Pittenger,4,Republican,North Carolina,,District 9,House,,,,,,,
Robin Kelly,Kelly,4,Democratic,Illinois,,District 2,House,,,,,,,
Rod Blum,Blum,2,Republican,Iowa,,District 1,House,,,,,,,
Rodney Davis,Davis,4,Republican,Illinois,,District 13,House,,,"Biotechnology, Horticulture, and Research",,,,
Rodney Frelinghuysen,Frelinghuysen,22,Republican,New Jersey,,District 11,House,,Appropriations,,,,,
Roger Marshall,Marshall,0,Republican,Kansas,,District 1,House,,,,,,,
Roger Williams,Williams,4,Republican,Texas,,District 25,House,,,,,,,
Ron DeSantis,DeSantis,4,Republican,Florida,,District 6,House,,,National Security,,,,
Ron Estes,Estes,0,Republican,Kansas,,District 4,House,,,,,,,
Ron Kind,Kind,20,Democratic,Wisconsin,,District 3,House,,,,,,,
Rosa L. DeLauro,DeLauro,26,Democratic,Connecticut,,District 3,House,,,,,,,
Ruben Gallego,Gallego,2,Democratic,Arizona,,District 7,House,,,,,,,
Ruben J. Kihuen,Kihuen,0,Democratic,Nevada,,District 4,House,,,,,,,
Ryan Costello,Costello,2,Republican,Pennsylvania,,District 6,House,,,,,,,
Salud Carbajal,Carbajal,0,Democratic,California,,District 24,House,,,,,,,
Sam Graves,Graves,16,Republican,Missouri,,District 6,House,,,Highways and Transit,,,,
Sam Johnson,Johnson,26,Republican,Texas,,District 3,House,,,Social Security,,,,
Sandy Levin,Levin,34,Democratic,Michigan,,District 9,House,,,,,,,
Sanford Bishop Jr.,Bishop Jr.,24,Democratic,Georgia,,District 2,House,,,,,,,
Scott DesJarlais,DesJarlais,6,Republican,Tennessee,,District 4,House,,,,,,,
Scott Perry,Perry,4,Republican,Pennsylvania,,District 4,House,,,Oversight and Management Efficiency,,,,
Scott Peters,Peters,4,Democratic,California,,District 52,House,,,,,,,
Scott Taylor,Taylor,0,Republican,Virginia,,District 2,House,,,,,,,
Scott Tipton,Tipton,6,Republican,Colorado,,District 3,House,,,,,,,
Sean Duffy,Duffy,6,Republican,Wisconsin,,District 7,House,,,Housing and Insurance,,,,
Sean Maloney,Maloney,4,Democratic,New York,,District 18,House,,,,,,,
Seth Moulton,Moulton,2,Democratic,Massachusetts,,District 6,House,,,,,,,
Sheila Jackson Lee,Jackson Lee,22,Democratic,Texas,,District 18,House,,,,,,,
Steny Hoyer,Hoyer,36,Democratic,Maryland,,District 5,House,Democratic Whip ,,,,,,
Stephanie Murphy,Murphy,0,Democratic,Florida,,District 7,House,,,,,,,
Stephen Knight,Knight,2,Republican,California,,District 25,House,,,Contracting and Workforce,,,,
Stephen Lynch,Lynch,16,Democratic,Massachusetts,,District 8,House,,,,,,,
Steve Chabot,Chabot,6,Republican,Ohio,,District 1,House,,Small Business,,,,,
Steve Cohen,Cohen,10,Democratic,Tennessee,,District 9,House,,,,,,,
Steve King,King,14,Republican,Iowa,,District 4,House,,,The Constitution and Civil Justice,,,,
Steve Pearce,Pearce,6,Republican,New Mexico,,District 2,House,,,Terrorism and Illicit Finance,,,,
Steve Russell,Russell,2,Republican,Oklahoma,,District 5,House,,,,,,,
Steve Scalise,Scalise,9,Republican,Louisiana,,District 1,House,Majority Whip ,,,,,,
Steve Stivers,Stivers,6,Republican,Ohio,,District 15,House,,,,,,,
Steve Womack,Womack,6,Republican,Arkansas,,District 3,House,,Budget,,,,,
Steven Palazzo,Palazzo,6,Republican,Mississippi,,District 4,House,,,,,,,
Susan Brooks,Brooks,4,Republican,Indiana,,District 5,House,,Ethics,,,,,
Susan Davis,Davis,16,Democratic,California,,District 53,House,,,,,,,
Suzan DelBene,DelBene,5,Democratic,Washington,,District 1,House,,,,,,,
Suzanne Bonamici,Bonamici,5,Democratic,Oregon,,District 1,House,,,,,,,
Ted Budd,Budd,0,Republican,North Carolina,,District 13,House,,,,,,,
Ted Lieu,Lieu,2,Democratic,California,,District 33,House,,,,,,,
Ted Poe,Poe,12,Republican,Texas,,District 2,House,,,"Terrorism, Nonproliferation, and Trade",,,,
Ted Yoho,Yoho,4,Republican,Florida,,District 3,House,,,Asia and the Pacific,,,,
Terri Sewell,Sewell,6,Democratic,Alabama,,District 7,House,,,,,,,
Theodore E. Deutch,Deutch,7,Democratic,Florida,,District 22,House,,,,,,,
Thomas Garrett,Garrett,0,Republican,Virginia,,District 5,House,,,,,,,
Thomas J. Rooney,Rooney,8,Republican,Florida,,District 17,House,,,,,,NSA and Cybersecurity,
Thomas Massie,Massie,4,Republican,Kentucky,,District 4,House,,,,,,,
Tim Ryan,Ryan,14,Democratic,Ohio,,District 13,House,,,,,,,
Tim Walberg,Walberg,6,Republican,Michigan,,District 7,House,,,"Health, Employment, Labor, and Pensions",,,,
Tim Walz,Walz,10,Democratic,Minnesota,,District 1,House,,,,,,,
Todd Rokita,Rokita,6,Republican,Indiana,,District 4,House,,,"Early Childhood, Elementary and Secondary Education",,,,
Tom Cole,Cole,14,Republican,Oklahoma,,District 4,House,,,"Labor, Health and Human Services, Education, and Related Agencies",,,,
Tom Emmer,Emmer,2,Republican,Minnesota,,District 6,House,,,,,,,
Tom Graves,Graves,7,Republican,Georgia,,District 14,House,,,Financial Services and General Government,,,,
Tom MacArthur,MacArthur,2,Republican,New Jersey,,District 3,House,,,,,,,
Tom Marino,Marino,6,Republican,Pennsylvania,,District 10,House,,,"Regulatory Reform, Commercial and Antitrust Law",,,,
Tom McClintock,McClintock,8,Republican,California,,District 4,House,,,Federal Lands,,,,
Tom O'Halleran,O'Halleran,0,Democratic,Arizona,,District 1,House,,,,,,,
Tom Reed,Reed,7,Republican,New York,,District 23,House,,,,,,,
Tom Rice,Rice,4,Republican,South Carolina,,District 7,House,,,,,,,
Tom Suozzi,Suozzi,0,Democratic,New York,,District 3,House,,,,,,,
Tony Cardenas,Cardenas,4,Democratic,California,,District 29,House,,,,,,,
Trent Franks,Franks,14,Republican,Arizona,,District 8,House,,,,,,,
Trent Kelly,Kelly,2,Republican,Mississippi,,District 1,House,,,"Investigations, Oversight and Regulations",,,,
Trey Gowdy,Gowdy,6,Republican,South Carolina,,District 4,House,,Oversight and Government Reform,,,,,
Trey Hollingsworth,Hollingsworth,0,Republican,Indiana,,District 9,House,,,,,,,
Tulsi Gabbard,Gabbard,4,Democratic,Hawaii,,District 2,House,,,,,,,
Val Demings,Demings,0,Democratic,Florida,,District 10,House,,,,,,,
Vern Buchanan,Buchanan,10,Republican,Florida,,District 16,House,,,,,,,
Vicente Gonzalez,Gonzalez,0,Democratic,Texas,,District 15,House,,,,,,,
Vicky Hartzler,Hartzler,6,Republican,Missouri,,District 4,House,,,Oversight and Investigations,,,,
Virginia Foxx,Foxx,12,Republican,North Carolina,,District 5,House,,Education and the Workforce,,,,,
Walter B. Jones,Jones,22,Republican,North Carolina,,District 3,House,,,,,,,
Warren Davidson,Davidson,1,Republican,Ohio,,District 8,House,,,,,,,
Will Hurd,Hurd,2,Republican,Texas,,District 23,House,,,Information Technology,,,,
William Lacy Clay,Clay,16,Democratic,Missouri,,District 1,House,,,,,,,
Yvette D. Clarke,Clarke,10,Democratic,New York,,District 9,House,,,,,,,
Zoe Lofgren,Lofgren,22,Democratic,California,,District 19,House,,,,,,,
